id,first_name,last_name,email
1,Robert,Daniels,rdaniels0@hibu.com,Russia,Nigeria,France,
2,Paul,Henderson,phenderson1@sbwire.com,Philippines,China,,
3,Louis,Bradley,lbradley2@ow.ly,Saudi Arabia,South Africa,Philippines,
4,Jose,Butler,jbutler3@ucla.edu,Canada,Brazil,Argentina,
5,Cheryl,Castillo,ccastillo4@cmu.edu,China,Sweden,,Brazil
6,Norma,Kennedy,nkennedy5@altervista.org,Brazil,China,,Kuwait
7,Lillian,Olson,lolson6@indiatimes.com,China,Russia,Yemen,
8,Douglas,Henderson,dhenderson7@china.com.cn,Indonesia,United States,China,Norway
9,Kenneth,Morris,kmorris8@geocities.jp,Poland,Russia,Czech Republic,
10,Jonathan,Snyder,jsnyder9@patch.com,Iran,Thailand,Philippines,
11,Joyce,Hill,jhilla@yellowpages.com,Russia,Niger,Russia,China
12,Jeffrey,Kelly,jkellyb@ca.gov,China,China,Russia,
13,Carolyn,Bailey,cbaileyc@psu.edu,Philippines,Brazil,Syria,
14,Jose,Ramirez,jramirezd@cocolog-nifty.com,Indonesia,Japan,Indonesia,
15,Billy,Marshall,bmarshalle@youtu.be,Japan,Philippines,Indonesia,United States
16,Shirley,Palmer,spalmerf@ibm.com,China,Vietnam,Poland,United States
17,Linda,Harris,lharrisg@google.it,Indonesia,Russia,,
18,Janice,Walker,jwalkerh@deviantart.com,China,Indonesia,Honduras,
19,Timothy,Kim,tkimi@ebay.co.uk,Poland,Brazil,Canada,
20,Kimberly,Green,kgreenj@chronoengine.com,Australia,Germany,China,China
21,Johnny,Rice,jricek@hatena.ne.jp,Hungary,China,,
22,Daniel,Fowler,dfowlerl@youku.com,France,United Arab Emirates,Cape Verde,
23,Louis,Gonzales,lgonzalesm@flavors.me,Uruguay,Indonesia,,Sierra Leone
24,Jose,Edwards,jedwardsn@walmart.com,Afghanistan,China,Chile,
25,Martin,Scott,mscotto@go.com,Poland,Philippines,,Colombia
