id,first_name,last_name,email,country,city
1,Chris,Jordan,cjordan0@furl.net,Indonesia
2,Edward,Williamson,ewilliamson1@disqus.com,Brazil,Vila Velha
3,Martin,Alexander,malexander2@nih.gov,Canada,Prince Rupert
4,Wayne,Hawkins,whawkins3@example.com,Philippines
5,Catherine,Oliver,coliver4@intel.com,Reunion,Saint-Pierre
6,Virginia,Cook,vcook5@time.com,Peru,Estique
7,Lawrence,Kelley,lkelley6@tamu.edu,Portugal
8,Steve,Bailey,sbailey7@usatoday.com,Ukraine,Slobidka
9,Michael,Stewart,mstewart8@networkadvertising.org,Poland,Bralin
10,Betty,Porter,bporter9@angelfire.com,Sweden
11,Daniel,Wilson,dwilsona@sohu.com,Indonesia,Cikujang
12,Ronald,Fowler,rfowlerb@europa.eu,Nigeria,Ila Orangun
13,Nicholas,Cole,ncolec@yolasite.com,Indonesia,Cigenca
14,Pamela,James,pjamesd@de.vu,China
15,Mildred,Shaw,mshawe@prlog.org,Venezuela,Puerto Cumarebo
16,Christopher,Brooks,cbrooksf@hugedomains.com,Brazil,Pesqueira
17,Bonnie,Coleman,bcolemang@flavors.me,France,Évry
18,Marilyn,Banks,mbanksh@purevolume.com,Peru
19,Frances,Ellis,fellisi@unblog.fr,Portugal
20,Clarence,Patterson,cpattersonj@simplemachines.org,Philippines,Salinas
21,Phillip,Wallace,pwallacek@ucoz.ru,Finland
22,Harold,Franklin,hfranklinl@youku.com,Nepal
23,Douglas,Garza,dgarzam@deviantart.com,Japan
24,Dennis,Parker,dparkern@vk.com,Thailand,Prakhon Chai
25,Frances,Cruz,fcruzo@cbslocal.com,France
